"exposure","exp_time","covar_time","covariate","avg_bal","bal_thresh","balanced"
"A",1,"0","1",0.0678426940263484,0.1,1
"A",2,"1","B.1",-0.0137713121276739,0.1,1
"A",2,"0","C",0.00749406166565871,0.1,1
"A",3,"2","B.2",0.0203079996089721,0.1,1
"A",3,"0","C",0.0342188552706012,0.1,1
