"exposure","exp_time","covar_time","covariate","avg_bal","bal_thresh","balanced"
"A",1,"0","1",-0.0701751331693813,0.1,1
"A",2,"1","B.1",-0.118687597258015,0.1,0
"A",2,"0","C",0.0129418401395311,0.1,1
"A",3,"2","B.2",0.084669292837619,0.1,1
"A",3,"0","C",-0.0740211981622362,0.1,1
